1,"お兄ちゃん、FDはまだ世間ではフロッピーディスクのことなの。Fusion Driveの略称になるのはもう少し先よ。","2017-03-02 16:12:02"
2,"あら、お兄ちゃんもApple信者なの？ ふーん。ところでお兄ちゃん、漢字talkって知ってる？ あ、知らない。そう・・・・。","2017-02-11 14:12:02"
3,"Smart Coverを「風呂の蓋」なんて呼んで、それで通ぶってるつもり？","2017-03-06 08:12:01"
4,"「MacのSDカードリーダは裏側にあって使いづらい」って？ あれはね、本当はSDカードなんていうよくわからないメディアのドライブなんてつけたくなかったけど、使う人が多くてみんなが付けろ付けろしつこいからしょうがなく搭載したもなの。だから絶対使っちゃダメよ！","2017-03-03 06:12:02"
5,"脱獄なんてダメよ！！ そんなの・・・・ジョブスに対する冒涜よ！！","2017-02-17 20:12:02"
6,"お兄ちゃんのよく言う「MacはPCのうちに入らない」っていうセリフは「エヴァはロボットじゃない」と似ているわね。","2017-02-04 20:12:01"
7,"いつまでもSnow Leopardなんて使ってないでさっさとアップデートしたらどう？ お兄ちゃんなんかどうせRosettaで動かさなきゃいけないアプリケーションなんて使ってないんでしょ？ 玄人ぶりたいだけならおとなしく最新版を使いなさい。","2017-02-18 16:12:02"
8,"iPadの着想はiPhone発売のかなり以前からあったというわ。ついこの前思いついて作ったみたいなタブレット端末を使ってるお兄ちゃんは偉そうにしないでちょうだい。","2017-03-07 16:12:01"
9,"お兄ちゃん、画面の割れたiPhoneを持ち歩くってことは、自らのiPhoneに対する愛の足りなさを公言しているようなものなのよ。","2017-01-22 16:12:02"
10,"お兄ちゃん、MacにBackSpaceなんていうキーは無いって何回言わせるつもり？！ ほらだから「Enter」じゃないっつの！","2017-02-18 10:12:02"
11,"信者としての自覚が足りないんじゃないの？ カリフォルニアのApple本社前で土下座してきなさいよ。","2017-03-15 00:12:02"
12,"Macを使う人間は賢いから、テレビなんて見ないの。テレビ視聴機能なんて必要ないの。","2017-02-09 16:12:02"
13,"お兄ちゃん、黄色のiPod touchを「ションベンイエロー」なんて呼ぶのやめてくれない？！","2017-03-09 08:12:01"
14,"大丈夫よお兄ちゃん、そのうちAppleがなんとかしてくれるわ。","2017-03-17 10:12:02"
15,"アップル信者語録 Part1 [日本語字幕]: http://youtu.be/UZnSGMpUhkM","2017-02-01 20:12:02"
16,"アップル信者語録 Part2 [日本語字幕]: http://youtu.be/HvUa7IpCL0c","2017-02-16 10:12:02"
17,"DVDドライブ？ そんなもの誰が使うの？","2017-03-06 20:12:01"
18,"あまり良く知られていないことだけど、Macのイヤホンジャックは専用プラグを使うと光デジタル出力にも対応するのよ。信者を自称するお兄ちゃんなら知ってた・・・・よね？","2017-02-16 22:12:02"
19,"お兄ちゃん、そのセンスのない服来て電車の中でiPhoneを取り出さないでね。Appleのイメージが下がるから。","2017-03-08 06:12:02"
20,"option+shift+Kで林檎のマークが挿入できるわ","2017-01-29 18:12:01"
21,"だーかーらー！ 「iPad 3」じゃなくて「新しいiPad」だっつーの！！","2017-03-13 08:12:01"
22,"お兄ちゃんは面白いタブレットを持っているのね。まるででかいスマホ。","2017-02-17 06:12:02"
23,"どうしたのお兄ちゃん、突然そんなダサい黒のタートルネックなんか着て。まだ割礼が済んでいないのかしら？ Are you virgin?","2017-03-09 20:12:02"
24,"お兄ちゃんがどんなにAppleが好きだからって、Windows PCやAndroidスマートフォンの存在を否定していい理由にはならないわ。これ以上Appleファンのイメージを下げるのはやめてちょうだい。彼らも必死にAppleの模倣をして頑張っているじゃない。","2017-02-04 08:12:02"
25,"聞いてお兄ちゃん！ 私気づかないうちにiPadを上下逆さまのまま使っていたの！ iPadの美しすぎる対称なデザインは本当に罪ね♪","2017-03-16 06:12:03"
26,"お兄ちゃん、ジョブスの判断は全て正しいと思い込んでない？ ジョブスはかつてソニーの社長からWalkmanをプレゼントされてたちまち気に入って、今で言う初代iMacをMacmanという酷くダサい名前で発表しようとしていたのよ。","2017-01-07 22:12:02"
27,"iOS7のUIがAndroidに似てる？ 知らないわ。Androidなんて触ったことないもの。","2017-03-11 16:12:01"
28,"iPhone5で撮った写真が多少紫がかっててもいいじゃない！ いい味出してるいい味出してる！","2017-03-03 18:12:02"
29,"Mac book AirやProがあそこまで美しいのは、ジョブス本人が一つ一つ一刀彫りでユニボディを削りだしていたからよ。ジョブス亡き今はティムがその技術を受け継いでいるわ。","2017-03-04 12:12:02"
30,"何よ、そんなのAppleの2,400円の変換アダプタを買えばいいじゃない。","2017-02-23 10:12:02"
31,"Mac Book AirのLate2010、Mid2011、Mid2012、Mid2013の違いぐらい外見から判断できないのって男としてどうかしら、お兄ちゃん。","2016-11-01 22:12:02"
32,"iPadは大きいiPhoneではないのよ。iPadにあってiPhoneにないのは、三本指以上のジェスチャやフォトフレーム機能、ホーム画面の回転、上下逆さの回転。逆にiPhoneのみにあるものはもちろん電話と、振動機能。明確な住み分け。Appleからのメッセージが感じられるでしょ。","2017-02-24 08:12:02"
33,"そう、iPhoneならね。","2017-02-28 18:12:01"
34,"前にお兄ちゃんに話したあの嫌な感じの子だけど、そんなに悪い人間というわけでもなかったわ。同じMacを愛する同志だったの。","2017-02-23 16:12:02"
35,"初めて触ったApple製品がiPhone4？！ カラクラも漢字talkも知らない？！ お兄ちゃんそんなことでよくApple信者を名乗れたものね！！","2017-02-27 06:12:02"
36,"お兄ちゃんはこのまま一生砂糖水を売り続けたいの？ それとも世界を変えたいの？","2017-03-18 06:12:03"
37,"AppleはiPhoneを販売する携帯キャリアに法外な販売ノルマなどの厳しい条件を課しているわ。それでもどこも喜んでiPhoneを売り続けるあたり、さすが天下のAppleといったところね。お兄ちゃんが贔屓にしてるあのキノコみたいなキャリアはまだiPhoneを売り出さないのかしら？","2017-03-14 20:12:02"
38,"そんなにiOSのアップデートに文句を言うのなら使わなければいいじゃない。お兄ちゃんには人型ロボットみたいな名前のOSの入ったスマートフォンがお似合いよ。","2017-03-07 06:12:02"
39,"Shit Android Users Say: http://youtu.be/7huae767Rxg","2017-02-19 14:12:02"
40,"お兄ちゃん私ね、将来女の子を産んだら名前は「リサ」にするって決めているの。そして夫にその娘と同じ名前のコンピュータを作ってもらうの。","2017-03-13 14:12:01"
41,"Apple Wireless KeyboardはiPhoneやiPadのBluetoothキーボードとしても使えるのよ。音量調整や再生/停止キー、それに英数/かな変換キーや⌘+Cなどの基本的なショートカットキーもMacと同じように動作するのが最高にクールよね。","2017-02-24 12:12:02"
42,"Appleといえばアルミだという人もいるし、白だという人もいて、トランスルーセントだという人もいる。お兄ちゃんはどのタイプかしら？","2017-03-10 08:12:01"
43,"お兄ちゃん、Apple製品の良さを聞かれたときに、くどくどとその美しさを説明しても良さが伝わるはずがないわ。Apple製品の根本的な優位点は「ハードとソフトが一体である」ところよ。ハードもソフトもお互いに想定すべき相手が少ないから、最高のユーザビリティを追求できるのよ。","2017-02-25 00:12:02"
44,"PCのディスプレイ端子はどれもダサすぎるのよ。だから見かねたAppleがMini Display PortやThunderboltを独自に開発したの。そういうわけでお兄ちゃん、文句を言わずにさっさとAppleの1,780円の変換アダプタを買うことね。","2016-11-22 06:12:02"
45,"黒い筐体なんてダサいと思っていたけど、iPhone5の黒を見た時に気が変わったわ。画面スリープ状態だとディスプレイの境目が全くわからない。本当に美しいモノリスよね。。お兄ちゃんの持っている黒のiPad miniの、背面のアルミの上品でマットな質感も素敵よ。","2016-12-30 00:12:02"
46,"お兄ちゃんのiPhone、ホームボタンが効きづらくなっちゃったの？ まったく、愛が足りないからそういうことになるのよ。","2016-12-08 22:12:01"
47,"お兄ちゃん、いい加減ブラウザでGmailやTwitterをするのはやめて。ブラウザで操作するのは自分の端末が使用できない緊急事態だけ。きちんと専用アプリを使わないと情弱だと思われるわよ。Macユーザーの品格が下がるわ。","2017-03-06 16:12:02"
48,"Apple信者のよくわからない主張と根拠のない自信から生まれるウザいドヤ顔はもちろんあまり褒められたものではないけど、「Windowsは使えるソフトが多い」「Macはアレができない」みたいな『みんながつかってる』以外の利点を挙げられないWindows支持派も同じようなものよ？","2017-03-08 00:12:02"
49,"USBフラッシュメモリを頻繁に挿したり抜いたりするのはスマートじゃないわ。それにコネクタが前から見える場所に付いているなんてダサいでしょう？","2017-03-14 08:12:01"
50,"スタートボタンで電源を落とすのをやめたと思ったら、こんどは「設定」から電源を落とすようになったのねw","2017-02-15 08:12:02"
51,"Appleはハードのメーカーであると同時にソフトのメーカーでもあり、また大規模なWebサービスの提供者でもある。MacやiPhoneを一つでも買えば、それらの広い範囲の恩恵を受けられる。単に価格だけを見て高いというのは本質が見えていないわ。","2017-02-01 08:12:01"
52,"お兄ちゃんはやたらとMagic Trackpadを持ち上げてMagic Mouseを批判したがるけど、それぞれいいところがあるのよ。機動力を考えるとポインタを使ったブラウジングやディレクトリ操作は圧倒的にMagic Mouseの方がやりやすいわ。","2017-03-09 14:12:02"
53,"長い間愛用していたMighty Mouseのホイールが効かなくなってしまったけど、まあいいわ。どうせホイールなんて使わないもの。","2017-03-01 10:12:02"
54,"取り外せるバッテリーなんて誰が使うの？","2017-01-08 06:12:02"
55,"お兄ちゃんは小林研業という企業を知っているかしら？ かつてのiPod classicの、背面のあの美しい鏡面加工を手がけた職人集団よ。新潟県の零細企業の技術が世界にイノベーションを与えたiPodに使われているなんて、なんだか素敵だと思わない？","2017-02-11 20:12:02"
56,"お兄ちゃんがその第三世代iPadを買ったのって、確か第四世代iPadが発売する一週間前だったかしら？ Keynoteで第四世代が発表された時のお兄様の苦々しい顔はいつ思い出しても滑稽だわ。","2017-03-13 00:12:01"
57,"かつてiPhoneはコピペが出来なかったり、ロック画面とホーム画面の壁紙を別々に設定できなかったりしたけど、それは脱獄をしてよかった理由にはならないわ。大いに反省しなさい。それに言ったでしょう、そのうちAppleがなんとかしてくれるって。","2017-03-17 20:12:02"
58,"同僚がマクドナルドのことを「マック」と呼んだだけで不機嫌になるなんて、お兄ちゃんはどれだけガキなの？！","2017-02-01 12:12:02"
59,"ティムが認めたくらいだから、iOS6のマップはお粗末な出来だったことは否定出来ないけど、１つだけ他のマップアプリには真似できない利点があるわ！ iOS6のマップは、国道などのアイコンの表示が各国のものにしっかりと合致しているのよ！！ どう！？ 見直した？！ 見直した？！","2017-02-28 10:12:01"
60,"Appleはなんと独自ブランドの単三の充電池も作っているのよ。Appleは割高な周辺機器が多い中、これだけは相場よりも割安なのよ。もちろん性能は他の充電池に劣らないし、Magic Trackpadにもピッタリのデザインよ。 http://amzn.to/10q7Fei","2017-02-19 10:12:02"
61,"あっ・・・・・お兄ちゃんのMac mini・・・・・あったかい・・・・・。","2017-03-18 16:12:02"
62,"あらお兄ちゃん、今日もSiriに求愛しているのね！！ どう？？ 付き合ってもらえそう？？","2017-03-02 22:12:02"
63,"お兄ちゃんのその、無料のアプリしか使わないっていうスタンス、そこがダメなのよ。","2017-03-10 06:12:02"
64,"バックアップが始まるたびに動作が重くなって作業に支障をきたすなら、無理してTimemachine構成するのやめたら？ 無理して新機能を使うなんて惨めったらありゃしない。","2017-03-18 10:12:01"
65,"リマインダーがiCloudでお兄ちゃんが無駄にたくさん持ってるiOSデバイスやMacの全てに同期されて、それらが一斉に通知音を鳴らし始めるの、毎回毎回ほんっとうにウザいんだけど。","2017-02-24 10:12:02"
66,"お兄ちゃんは第6世代iPod nanoを腕時計にしたのね。時刻を確認するたびにスリープを解除しなきゃいけないなんて、最高にクールね。運転中に迂闊に時計を見られないわね。ワイルドね。","2017-02-08 12:12:02"
67,"iOSデバイスはイヤホンが抜けると自動的に音楽の再生が停止するようになってるけど、動作がカクカクになった古いiPhoneなんかだとそれが効かないことがあるから、あまり信用し過ぎないほうがいいわ。お兄ちゃんの痛ーい電波ソングがスタバで突然大音量で流れ出すのは嫌でしょう？","2017-03-14 18:12:01"
68,"お兄ちゃんは頻繁にiPhoneやMacのアプリのアップデートをチェックするけど、それ以外に何かやることはないの？","2016-12-10 10:12:02"
69,"お兄ちゃんは電子書籍デビューするためにiPadを買ったけど、結局慣れずに紙の本を買い続けているのね。そしてiPadは使い道を見いだせなくてインテリアと化している。本当に無様ね。","2017-03-17 00:12:02"
70,"社員全員にiPadを持たせる？ とりあえず導入すれば業務が効率化されるなんてことは絶対ないのよ。 お兄ちゃんみたいなただ新しいものに飛びつきたいだけの経営者が導入してもお金の無駄になるだけだからやめておきなさいよ。","2017-01-28 00:12:01"
71,"私の好きな男性のタイプ？ そうね、やっぱりスティーブ・ジョブスみたいにイノベーティブで、世界を変える大きなビジョンを持っている人かしら♪ 安心して、お兄ちゃんみたいなただApple製品を集めるだけの非生産的で頭の悪い人間のことを好きになったりはしないから。","2017-03-11 06:12:02"
72,"初代iPad miniは、基本的に画面が小さくなっただけの廉価版iPadなんだけど、一応スピーカーがステレオという他のiOSデバイスにはない特徴があるわ。お兄ちゃんのセンスの悪い音楽も、臨場感が出て少しは良く聞こえるかもよ。","2016-10-13 22:12:08"
73,"ねえねえ、お兄ちゃんのMacBook Airに「Intel Inside」のシール貼ってみていい？？ 貼るわよ？？ キャー！！ ダサーい！！ww","2017-01-11 20:12:01"
74,"Macの利点の一つに買い換え時の移行の簡単さがあるわ。Timemachineを使っても、旧MacとThunderboltで直接接続してもいい。以前のMacのあらゆるものがコピーされて、全く同じ環境が新しいMacに移行できる。これもハードとソフトが統合されているからこその長所ね。","2017-02-05 00:12:02"
75,"「スリープ中のMacのランプの穏やかな点滅は、まるで寝息を立てているかのようだ」なんて悦に浸ってないで、さっさと出かけたら？","2017-03-14 22:12:02"
76,"お兄ちゃんもとうとうKeynoteを買ったのね。めったにプレゼンなんてしないくせに。","2017-01-03 10:12:02"
77,"AirDropする同じMacの同志がいないお兄ちゃんかわいそう。","2017-03-03 20:12:01"
78,"Keynote書類の同期が遅いのはiCloudのせいじゃなくて、お兄ちゃんの作ったプレゼンテーションの容量が無駄に大きいからだからね？ それにそんなに中身のないプレゼンじゃKeynoteの美しいアニメーションでも誤魔化しきれないわよ。","2017-01-25 12:12:01"
79,"スクロール方向は「ナチュラル」しか認めないわ。お兄ちゃんもその直感的でない操作法からさっさと抜けだしてね。","2017-02-27 00:12:02"
80,"お兄ちゃんってAppleの役員の人事にはやたら詳しいのに、日本の総理大臣が変わったのに気づかないってどういうことなの？","2017-03-10 10:12:02"
81,"お兄ちゃんはiPhoneの美しさを活かすためにTPUのクリアケースを買ったらしいけど、半年経った今ではひどく黄ばんでションベンイエローじゃない。 TPUは素材自体が劣化するから漂白剤でも黄ばみは取れないわ。美しさを活かしたいと言うなら今すぐその汚らしいケースを脱がすことね。","2017-03-13 06:12:02"
82,"iPhoneやiPadにケースをつけるのが嫌いなジョブスが大変な労力をかけてあのSmart Coverを作った。それだけディスプレイは傷つきやすいということよ。お兄ちゃんのその惨めにも画面がバリバリになったiPadも、早くSmart Coverを付けておけばよかったのにね。","2017-03-01 18:12:01"
83,"MP3プレーヤの市場を切り開いたのはiPod。スマホの市場はiPhone。タブレットの市場はiPad。発売後にiPhoneやiPadのシェアがだんだん落ちたのは問題ではなくて、やっと世界が追いついて通常のバランスに落ち着いたという当然の話。わかってるお兄ちゃん？","2017-03-15 10:12:02"
84,"AppleがもたらしたiPod・iPhone・iPadはデバイスとして優れているだけでなく、今までになかった市場を生み出したわ。Apple製品以外を使う人も少なからずその恩恵は受けている。Appleは確実に世界を変え、モノに対する考え方を変え、人々を幸せにしたのよ。","2017-03-10 22:12:02"
85,"お兄ちゃん、持っているMacBook Pro RetinaのディスプレイのメーカがサムスンかLGかなんてそんなに気になる？","2017-03-04 20:12:02"
86,"iPadはホームボタンを使わずに済むことが多いのよ。ホームに戻るなら四本指ですぼめればいいし、起動中アプリを見るなら四本指で上にスワイプ。使うのは画面スリープを解除とSiriの呼び出しと、ホーム画面で一番左のページにジャンプする時ぐらい。あとはアクセシビリティオプションかしら。","2017-02-19 00:12:02"
87,"MacBook Airをもってスタバに行けば、どんな人でもそれなりにカッコよく見えるわ。たとえお兄ちゃんみたいな貧相な容姿でもね。","2017-03-17 14:12:02"
88,"お兄ちゃん・・・・・・。どうしてiPadと電子辞書と電卓を一緒に持ち運ぶの・・・・？ 全部iPadでできるじゃない・・・・。気持ち悪い・・・・。無駄に体積を使っている事実にどうして耐えられるの・・・・？","2017-02-11 22:12:21"
89,"お兄ちゃん、無理してiPod classicを使い続けなくてもいいのよ？ 大容量でiTunesライブラリの全てを持ち運べるのは素晴らしいけど、検索能力がほぼ無いに等しくて、曲を探し出すのには相当骨が折れるわ。Appleがもう何年も更新していないことを考えると・・・少し寂しいわね。","2017-01-06 20:12:02"
90,"お兄ちゃんって、意地でも動画はiPhoneには入れずにiPadに入れるけど、どうせiPadの高精細なRetinaディスプレイの恩恵を受けられるほどの高画質な動画なんて持っていないんでしょう？","2017-02-25 18:12:02"
91,"お兄ちゃんにLogic Proなんて本当に必要なの？ 今まで一曲でも曲を作ったことはあったかしら？ Garagebandでもかなりいろいろできるんだから、道具を変える前に自分の技術や感覚を磨いたらどう？","2017-02-17 12:12:02"
92,"持っているとついTwitterのプロフィールに書きたくなってしまう、それがApple製品よ。他のデバイスとは愛され方が違うってわけね。でもお兄ちゃんみたいに５個のiPhoneの細かいスペックまで載せるのはさすがに邪魔だからやめてね。","2017-02-07 20:12:02"
93,"お兄ちゃん、iPhoneのインターネット共有の初期パスワードはすぐに変更しなきゃダメよ。かなり規則的に生成されているから、クラッキングの格好の的よ。","2017-02-10 18:12:02"
94,"モノクロのメニューバーアイコンが用意されてなかったから常駐アプリを削除したって、ちょっと神経質過ぎない？","2017-01-31 10:12:01"
95,"どうして働いていないお兄ちゃんがiWorkを買うの？","2017-03-04 14:12:02"
96,"Finderのプレビュー機能は本当に便利ね。ファイルかフォルダを選択してスペースバーを押すの。ちょっとPDFの中身を見たいときや、フォルダの容量や項目数を確認するのにとっても便利なのよ。","2017-02-05 18:12:02"
97,"お兄ちゃん、うっかりだったのはわかってるけど、家族のフォトストリームにエッチな画像を流すのはやめて。私のiPhoneを汚さないで。","2017-03-12 16:12:02"
98,"AirDropは他のMacとWi-FiでP2Pのネットワークを構成するから、iMacやMac ProでもWi-Fiをオンにする意味は大いにあるわ。ケーブルの数を電源ケーブルだけの最低１本に減らせるのも快感だしね。","2017-02-28 12:12:01"
99,"MacもiPhoneも持っていないなんて、お兄ちゃんは随分と退屈な人生を送っているのね。","2017-02-22 14:12:02"
100,"以前と比べたら増えたといっても、Macに感染するウイルスはWindowsに比べたら相当少ないから、何も対策をしていない人も多いのよね。でも少なくとも、他のPCに伝染させるないようにアンチウイルスを入れておくのは、インターネットを利用する人間にとって当然のマナーよ。","2016-12-18 12:12:01"
101,"iPhoneに付属している充電器は出力が5W、iPad 第1〜3世代のは10.5W、第4世代のは12W。つまり、iPhoneでもiPadに付属の充電器を使えば早く充電できるのよ。もちろんAppleも保証している。たまーに不具合が発生した報告もあるけど、まあ大丈夫じゃないかしら。","2017-02-10 20:12:02"
102,"ねえ知ってるお兄ちゃん！！！ Twitterで知ったんだけど、iPhoneを電子レンジにかけるとなんと20秒ほどで充電が満タンになるらしいわ！！！ あと、スピーカーの部分をしばらく水に付けておくと音質が良くなるって！！！ お兄ちゃんのiPhoneでやってみていい？？？","2017-01-12 10:12:02"
103,"お兄ちゃんってこの前彼女に「ミニなのはサイズだけにして欲しい」って言われたんでしょ？？wwww","2017-03-09 06:12:02"
104,"iPhone5はあんなに薄く軽く、画面も大きくなって筐体もアルミ中心に一新して、どこがイノベーション不足だと思ったの？ お兄ちゃんは放おっておけばサイズは小さくなるとでも思っているんでしょう？ それともiPhoneにテレポート機能でも搭載されるとでも思っていたのかしら？","2017-01-31 16:12:02"
105,"Apple製品が好きだからって発売のたびに買い換えるのはどうなのかしら。一つ一つの製品が大きなポテンシャルを持っているんだし、多少古くても機能を最大限活かして長く長く使い倒すのが、本当にその製品を愛してるということにならない？","2017-02-19 18:12:02"
106,"iPhoneの「計算機」は横向きにするとの三角関数や√・べき乗などの科学計算のボタンが出てくるのはあまり知られていないわよね。わざわざExcelを立ち上げたりGoogleの検索フィードに入力するよりもずっと便利よ。","2017-03-11 14:12:01"
107,"shiftを押しながらウィンドウの操作をすると、モーションがものすごくゆっくりになるのよ！ 試しにフォルダのダブルクリックやウィンドウの最小化、Mission Controlをしてみるといいわ。お年寄りにMacの使い方を教えるときなどにわかりやすいのかもね。","2016-12-03 12:12:02"
108,"アプリのレビューに「金返せ」「英語読めない」「期待を込めて☆3つ」「私には必要ありませんでした」という不毛なレビューが散見されるようになったわね。iPhoneの爆発的な普及によりモラルの低い人々もApple製品を使い始めたのは、喜ぶべきところとそうでないところがあるわ。","2016-12-20 14:12:06"
109,"iPhone を発表するスティーブ・ジョブス（日本語字幕）: http://youtu.be/L0XeQhSnkHg","2017-03-02 06:12:03"
110,"おじいちゃん、玄関先の人と話すあの機械はiPhoneじゃなくて「アイホン」よ。","2017-03-09 12:12:01"
111,"お兄ちゃん、イノベーションは研究開発費の額とは関係ないのよ。AppleがMacを開発した時、IBMは少なくともAppleの100倍の金額を研究開発に投じていたわ。大事なのはお金ではなく、抱えている人材、いかに導いていくか、どれだけ目標を理解しているかが重要なの。","2016-12-07 06:12:03"
112,"多くの場合、人は形にして見せてもらうまでは自分が何が欲しいかわからないものよ。Appleは全く想像もしていなかったやりかたで、私たちを夢中にさせる。お兄ちゃんが初め見た時に疑問に思った機能も、そのうちニヤニヤしながら人に自慢するようになるわ。","2017-02-26 06:12:02"
113,"BootcampがOSXに標準搭載されるようになってからWindowsとのダブルブートも普通になってきたけど、イマイチ操作感が悪いのよね。英数キーとかなキーは設定をいじらないと使えないし、スクロール方向は「ナチュラル」にならないし。横方向のスクロールもできなくてイライラしちゃう。","2016-11-17 16:12:01"
114,"お兄ちゃんは今年もApple StoreのLucky Bagを買いに行くのね。iPodや周辺機器はいくつも持っているのに。要らないものをドヤ顔でプレゼントされる彼女の身にもなってみたらどう？","2017-02-07 10:12:02"
115,"お兄ちゃんもしかして、iPhone5とポケットWi-Fiを同時に契約しちゃったの？ iPadやMacBook Airで出先でネットをするためって？ テザリングという言葉を知っているかしら？ 情弱の極みね。","2016-11-24 00:12:03"
116,"お兄ちゃんってFaceTimeも自撮りもしないくせに、フロントカメラに指紋を付けられるとなんだかすごく怒るわよね。","2017-02-24 06:12:02"
117,"私は林檎より梨が好きよ。","2017-02-22 10:12:02"
118,"お兄ちゃんはAppleのデザインのシンプルさをべた褒めするブログ記事をよく書くけど、その文章って冗長極まりない長文だしシンプルさが微塵も感じられないのよね。","2017-03-17 18:12:02"
119,"MacBook ProやAirはアップルマークが目立って人前で使うのは恥ずかしい？ ちょっと何言ってるかわらないわ。","2017-02-26 12:12:02"
120,"CygwinやTera Termなんて必要ないわ。MacのターミナルはデフォルトでUNIXコマンドが使えるし、もちろんsshクライアントにもなる。Finderが大体のローカルサーバやNASは自動認識してくれるし、VNCクライアントにもなる。DOSコマンドに未来はあるのかしら？","2017-02-25 22:12:01"
121,"ねえお兄ちゃん、どうしていつも聞かない椎名林檎とリンゴ・スターのCDを突然借りてきたの？","2017-03-08 18:12:02"
122,"スティーブ・ジョブス　伝説の卒業式スピーチ（日本語字幕）: http://youtu.be/RWsFs6yTiGQ","2017-03-07 10:12:02"
123,"お兄ちゃんってどうせFacetime通話を掛けてもまともに出てもらえたことないんでしょ？","2017-02-16 00:12:02"
124,"電話をする友達のいないお兄ちゃんだったら、iPhoneとiPadを一緒に持たずにLTE版iPad miniだけ持ち歩けば全て事足りるわね。全てをiPad miniで済ませられるなんてクールでいいわね。","2017-02-14 16:12:02"
125,"紙を使わない生活を目指していると言っても、落としたら床が凹むぐらい重いiPad 3rd genを団扇代わりにするのは流石に無理があるわよ。","2017-03-14 10:12:01"
126,"どうしてお兄ちゃんのiMac late 2012は買ったばかりなのにディスプレイの端が割れているの？ このギターのピックは何？ 裸のSSDは何？","2017-03-07 12:12:02"
127,"はいはいジョブスジョブス","2017-01-23 16:12:02"
128,"明らかに違法アップロードされた動画をiPadの美しいRetinaディスプレイで視聴するなんて恥ずかしくないの？ ブロックノイズの多さがその惨めさを物語っているわよ。","2017-03-10 00:12:01"
129,"お兄ちゃんのやたらとたくさん持っているiOSデバイスの全てに音楽を入れたら一体何曲入るのかしらね。ストレージとしてでさえ使いきれていないのに買い足すなんてどういう頭してるの？","2017-02-05 10:12:01"
130,"お兄ちゃんの持ってるその端末って何？ iPhoneではないみたいだけど。ああ、それが「スマートフォン」ってやつなのね。どこがスマートなのかよくわからないけど。","2017-01-05 12:12:02"
131,"iPadではフリック入力ができないと思っていたなんてお兄ちゃんはどこまでノータリンなのかしら。一度2011年のWWBC Keynote Addressを見直してみることね。","2017-01-24 18:12:01"
132,"お兄ちゃんはMacBook Airを持ってスタバに行く前に、そのガシャガシャした下品なタイピングと「ッターン！」する癖を治さないとむしろ恥をかくわよ。","2017-03-06 06:12:02"
133,"キーボードの真ん中にある赤いポッチは誰が発明したんでしょうねw","2017-03-04 10:12:02"
134,"お兄ちゃんはWindowsを使いづらいと思うかもしれないけど、使いやすさにMacだからとかWindowsだからとかはなくて、結局は使い慣れている方が使いやすいのよ？ Windowsを使い慣れてしまっている人を不幸とみなすのは身勝手だしあまりに乱暴すぎるわ。","2017-03-11 18:12:01"
135,"デフォルトの設定には製作者の信念や意図が現れているわ。設定に一貫性がなかったり、カスタマイズしないと使いづらいなんていうのはそもそも欠陥なのよ。","2017-02-19 12:12:02"
136,"お兄ちゃんってスティーブ・ジョブズを崇拝しているわりにはイノベーティブな発想が生まれてこないわよね。","2017-02-08 20:12:02"
137,"お兄ちゃんがいま一生懸命やってるその単純作業、どうしてAutomatorにやらせないわけ？ 時間を冒涜しすぎじゃないかしら。","2017-02-04 14:12:02"
138,"iMacを買ったぐらいでクリエイティブになったつもり？ クールなアプリを開発できたつもり？ イノベーションで世界を変えたつもり？","2017-03-18 14:12:02"
139,"Macは音楽や芸術系に強いって、どれだけ昔の話をしているの？今はMacとPCでも、そういうソフトウェアの数やスペックにも大して差はないわ。今は、美しさや芸術性にこだわりを持つような違いのわかる人が好んでMacを使っているというだけよ。","2016-10-31 22:12:07"
140,"お兄ちゃんってよく自分が作ってもいないアプリを人に自慢できるわね。自慢だけしてもうほとんど使っていないアプリがどれだけ埋まっていることやら。","2017-02-24 20:12:02"
141,"iPadの左右の枠が大きすぎる？ お兄ちゃんは何にもわかってないわね。ベゼルにはね、持ってもディスプレイに触れないある一定の範囲が必要なの。人が持って手に馴染むか、使いやすいか、念入りに考えられているの。その辺のでかいスマホとは違うの。","2017-03-14 00:12:02"
142,"ソフトウェアの更新や欲望の高まりによって、デバイスのスペックは日に日に相対的に落ちていくわ。でもApple製品のように筐体のデザインが洗練されていれば、スペックが落ちても長く愛され使われる。Color Classicや初代iMac、PowerMac G4 Cubeをごらんなさい。","2017-01-28 22:12:02"
143,"お兄ちゃん、LightningケーブルをiPadminiに何度も何度も抜き差しして、なにニヤニヤしてるの？ ","2017-03-07 18:12:02"
144,"お兄ちゃんの彼女にこの前あったんだけど、「デートの時にいつもiPhone弄ってたりアプリの自慢ばっかりするからつまらない」って言ってたわよ。","2017-03-15 16:12:02"
145,"MacのJISキーボードは確かに美しくないかもしれないけど、それで無理してUSキーボードを使うことはないんじゃない？ 一番基本的な操作であるインプットメソッドの切り替えのために、わざわざホームポジションを離れて左上の半角全角キーを押しに行くものよりはよっぽどマシだと思うわよ。","2017-03-18 21:44:16"
146,"ちょっとiPhoneの使い方を覚えたぐらいでApple信者を自称しているのね。お兄ちゃんはこの前までWindowsの方がMacより早くできたと思っていたくせに。","2017-01-31 12:12:03"
147,"iPadを裸でカバンに入れるなんて、いい度胸してるわね、お兄ちゃん。次に取り出した時は一番脆いホームボタン周辺がバキバキになっていることでしょうね。","2017-02-18 22:12:02"
148,"「Stay hungry, Stay foolish.」。「バカは食いっぱぐれてろ」っていう意味よ。そういえばお兄ちゃん就職先は決まった？","2017-03-18 22:12:02"
149,"お兄ちゃんはiPhoneが新しくなるたびに買い換えるけど、古いのは何に使っているの？ 文鎮かしら？ それならiPadは下敷きに使えそうね。","2017-01-10 16:12:02"
150,"禿？！ ジョブスの悪口は私に言いなさい！！ あ、白い犬の会社の「やりましょう」の人のことだったのね。取り乱しちゃってごめんねお兄ちゃん。","2017-01-28 12:12:01"
151,"いつもCDの曲をApple Losslessで取り込むなんて、そんなたいそうな機材も耳も持ってないお兄ちゃんがするようなことじゃないわよ。本当にお兄ちゃんは無駄にHDDの容量を使うのが好きね。","2017-03-02 12:12:01"
152,"お兄ちゃん、「明日、いつもと同じ一日が、忘れられない一日になります。」なんて言葉にすごく期待していたみたいだけど、iTunes Music Storeでのビートルズ楽曲の配信が始まっただけだったわね。・・・・無理に喜ばなくてもいいのよ？","2017-03-08 14:12:02"
153,"お兄ちゃんがどんなにかっこいいケースを作っても、iPhoneの最高に美しい筐体のデザインを覆っている時点でもうマイナスなのよ。そこんところ肝に命じておいてね。","2017-02-14 20:12:02"
154,"iPhoneで写真を撮るといつもブレてしまうダサいお兄ちゃん、音量ボタンは使わずに、シャッターボタンをタップしたまま構図を定めてからタップを離すとブレが最小限に抑えられるわよ。EarPodsの+,-キーを使うのもオススメね。","2017-03-03 10:12:02"
155,"お兄ちゃんのそのアイデア、宇宙に衝撃を与えるには程遠いわね。","2017-03-01 00:12:02"
156,"お兄ちゃん、この大量のiTunesカードはどうしたの？ 全てコードの入力は済んでいるみたいだけど。嫁に貢ぐのも大概にしなさいよね。","2016-12-19 16:12:02"
157,"iBookストアの利点はやっぱりiTunesカードを使用できることかしら。Appleに盲信しそのエコシステムに完全に囚われたお兄ちゃんなら、余計なクレジット情報を入力せずに済むし、iTunesカードは家電量販店などで安売りされていることも多いから結構お得だと思うわよ。","2017-02-14 22:12:03"
158,"Apple製品を買った時についてくるアップルマークのシールを、張るところがないからって冷蔵庫に貼るセンスはどうかと思うわよ。","2017-02-09 12:12:01"
159,"お姉ちゃん、iOS7が発表されてから何かにつけてフラットデザインフラットデザインってうるさいわよ。自分の胸のことかしら？","2016-12-28 20:12:01"
160,"お兄ちゃん、未来を見ていても点と点がどう繋がるかなんてわからないんだから、直接意味があるかわからなくてもとりあえずそれに打ち込んでみたら？ 何か一つ自分の大好きなものを信じていると、過去を振り返ったときに初めて点が繋がったのが見えるのよ。","2017-02-02 10:12:01"
161,"お兄ちゃんはApple Storeの近くを通りがかるたびに店内をうろうろうろうろ・・・。買う気のない貧乏人はさっさとこの神聖な場から立ち去ることね。","2016-12-30 20:12:02"
162,"WindowsユーザがファイルをThumbs.dbを含めて送ってくるのを迷惑がってるけど、お兄ちゃんだっていつも何食わぬ顔で.DS_Storeを送りつけてるからね？","2016-10-17 20:12:02"
163,"Keynoteの冒頭であれだけの自慢タイムを続けられるのはAppleだからよ。お兄ちゃんのその企画に自慢できる部分なんてあるの？","2017-01-29 06:12:02"
164,"お兄ちゃんは点と点を繋げる以前に、そもそも打ち込んできたことなんてないから点なんかないわよね。","2017-01-23 06:12:02"
165,"ノマドワーカーになりたい？ カフェでMacBook Airを開いてドヤ顔したいだけのお兄ちゃんがよく考えずにそういうことし始めるとすぐに破滅するわよ。","2017-03-10 14:12:02"
166,"コンテンツを消費するだけで何も生産的なことをしていないお兄ちゃんから「イノベーション」なんていう言葉を聞くとは思わなかったわ。MacやiPadを買ってすぐ影響されちゃうとは、きっと人生に対する明確なビジョンなんか持っていないのね。","2017-03-16 22:12:01"
167,"美術の成績が２だったお兄ちゃんでもその洗練された美しさがわかる、それがiPhoneよ。","2017-03-15 20:12:02"
168,"Appleほど、生み出している利益や影響力の割に製品のラインナップが少ない企業はないわ。製品を絞込み、集中的にリソースを投入して、一つ一つが並外れて優れたものになるようにする。何をするかではなく、何をしないかこそが一番重要というジョブスの教えよ。","2017-01-26 10:12:02"
169,"「尊敬している人はスティーブ・ジョブスです」？ お願いだからそれよそでは言わないでね。恥ずかしいから。","2016-12-18 20:12:02"
170,"お兄ちゃん、WindowsからMacに転向してみたはいいものの、あまりうまく使いこなせていないようね。今までにない素晴らしいユーザ体験を提供してくれるはずのこの先進的なデバイスに嫌われるなんて、本当にお兄ちゃんは可哀想だわ。","2017-02-28 08:12:02"
171,"お兄ちゃんの企画する製品はいつもオーバースペックなのよ。その製品でユーザにどんな体験をさせたいかというビジョンが明らかなら、そんな機能ははじめからつけようとは思わないはずよ。","2017-03-02 14:12:02"
172,"DJが音楽の再生にMacを使うのは、Macが滅多にクラッシュしないからよ。パフォーマンス中に急に再起動に追い込まれたりなんかしたらまさに「死のブルースクリーン」だものね。ただクールに思われたいからという浅い理由ではなくMacが強い信頼を得ているということなのよ。","2017-03-12 10:12:02"
173,"Siriの声はKyokoというのよ。「システム環境設定」の「音声入力と読み上げ」でそれがわかるわ。Macだと文字を選択して右クリックの「スピーチ」→「読み上げを開始」で、任意のテキストを読み上げてくれるのが便利よね。ターミナルを開いてsayコマンドを打ってもいいわね。","2017-02-12 18:12:02"
174,"AppleのウェブストアでMac Proをひたすら値段が高くなるようにカスタマイズしていく遊び。お兄ちゃんはいつまでたっても飽きないわね。","2017-03-12 12:12:01"
175,"お兄ちゃん、その「いろいろ機能も盛り込んだし、売れるんじゃないかな？ 僕は使わないけど」みたいな態度で本当に売れるものが作れると思う？","2017-03-09 18:12:02"
176,"2001年に発売された初代iPodそのものは本質的なイノベーションではなかったわ。本当のイノベーションはその2年後に始まったiTunes Music Storeよ。Napsterに変わる音楽ダウンロードのあるべき姿が示され、音楽業界、そして音楽の楽しみ方を根本から変えていったの。","2017-02-28 14:12:02"
177,"お兄ちゃん、いつもWindowsやAndroidの悪口ばかり言っているとただでさえ少ない友達をなくすわよ。","2017-02-08 10:12:01"
178,"Appleはマーケティングをしてフォーカスグループを定めたりはしないわ。どういう新製品がほしいのかなんて、ほとんどの顧客はわかっていないのよ。顧客がまだ気づいていないニーズを語れるほどに彼らと密着するのが大切なのかしらね。  ","2017-02-03 20:12:01"
179,"モバイル端末が「劣化パソコン」であってはいけないし、タブレットが「でかいスマホ」であってはいけないわ。それぞれの目的に合わせた必要十分な機能、最良のUIを追求すべきよ。お兄ちゃんももうちょっと自分の機能とデザインにこだわったほうがいいわよ。","2017-01-06 06:12:02"
180,"みんながMacやiPhoneを使い始めたからApple信者としてのアイデンティティが薄れていくって？ お兄ちゃんは本当に薄っぺらい人間ね。","2017-03-04 16:12:02"
181,"普通に考えたら、ギークでナードなAndroid信者なんかよりも、クールでオシャレなApple信者の方がモテるに決まってるわよね。","2017-03-14 06:12:02"
182,"お兄ちゃんはMacBook AirにRetinaが搭載されるのを切望しているようだけれど、それならMacBook Pro Retinaを買えばいいだけの話だわ。どういう意図でMacBookのラインナップが二つあるのか、よく考えてみることね。","2017-02-17 10:12:01"
183,"一日の多くの時間を共に過ごし、今や社会を生きていく上で必須のデバイス、スマートフォン。データを自分の指で動かしているかのような最高に自然な感覚をユーザに与えられなければダメよ。カクカクしたスクロールや、直感的に脳が理解できないUIは絶対にあってはいけないわ。","2017-02-18 00:12:03"
184,"お兄ちゃんのそのApple製品に関するブログ記事、とっくの昔にレビューは書き尽くされているからね？ 新規性0だし文章も変だし、もうちょっと自己満足以上のことをやってみたらどう？","2017-02-06 08:12:02"
185,"お兄ちゃんはMacを愛しているとかAppleを信頼しているとか言うけど、修理に一ヶ月待たされているならそろそろ文句言ってもいいんじゃないの？","2017-03-13 18:12:02"
186,"もしお兄ちゃんがApple社の創業者だったら、毎日同じリーバイスと同じニューバランスを履いて、同じタートルネックを着ていてもモテると思うけど、残念ながらそうじゃないから身なりには気を使ったほうがいいわよ。","2016-11-10 20:12:02"
187,"ねえお兄ちゃん、昔はそんな喋り方じゃなかったよね・・・・。もし、それが仮にもしスティーブジョブスの真似してるつもりなら、本当にやめてくれない・・・・？ いや、全く共通点とかは感じられないけど。舌を噛み切って死ねばいいのに。持っているApple製品の数とかもペラペラ自慢して。","2017-01-29 08:12:01"
188,"お兄ちゃん、もう15分ぐらい、iPadにSmart Coverをスチャッと付ける動作を繰り返してうっとりしているけど、ヒマなの？","2017-02-22 16:12:02"
189,"初代iPodの同期ケーブルがなんだったかも知らないようなお兄ちゃんにはApple信者を名乗る資格はないからね？ Dock？ は？","2016-11-28 18:12:02"
190,"お兄ちゃん、「ジョブスは今でも僕らの心のなかで生きている」って言ったの？ 1000のものにノーと言って究極なまでに洗練された最高のデバイスを創り出すようなカリスマ性は感じられないから、お兄ちゃんの中には生きてないと思うわよ。","2017-03-06 12:12:01"
191,"ジョブスは死なないわ。私が守るもの。","2016-12-27 22:12:07"
192,"お兄ちゃん、やりたいことが今はなくても、大好きなものが見つかるまで、妥協せず探し続けなきゃダメよ。大好きなこと、どうしてもやりたいと思うことが見つかれば、ああもう一日、それができると太陽が昇るのが待ち遠しくなるわよ。休日は昼まで寝ているなんてもってのほかだわ。","2017-03-03 16:12:02"
193,"Apple製品の開封動画は数多く公開されているわよね。まず買ったそのモノが現れ、続いてマニュアル、ケーブルの類が出てくる。製品を初めて箱から取り出す過程がシンプルで満足感のある体験となるように、箱の色、質感、外観、ハンドル、材質、内部の仕切りなどの全てを注意深く選択しているのよ。","2017-03-13 16:12:01"
194,"お兄ちゃんは今日が人生最後の日だとしても、今日する予定のことをしたいと思う？ 毎朝、鏡の前で自問自答しなさい。ノーと答える日が続くなら、その生き方に軌道修正が必要だということ。","2017-03-17 12:12:02"
195,"はあ、これだからWindowsは・・・・。","2017-03-16 08:12:02"
196,"Mac miniの背面を手前側に向けるなんて最低ね。お兄ちゃんは何にもわかってないんだから。","2017-02-21 10:12:02"
197,"お兄ちゃん、IphoneやIPODという表記に本気で怒るなんてみっともなさすぎよ。","2017-02-07 22:12:01"
198,"あらお兄ちゃん、せっかくiPadを買ったというのにまた紙の本を買ってきたのね。その分厚くて重いものを持ち歩いて無駄な体力を使って、カフェでiPhoneを文鎮にして読んでいればいいわ。","2017-03-06 18:12:02"
199,"お兄ちゃんのその年収で、よく毎年MacBook Airを買い換えられるわね。他にお金を使うところがないのかしら？ きっとデートに連れて行く恋人も養う家族もいないのね。","2017-02-03 18:12:02"
200,"お兄ちゃんはiPhoneやiPad、それにMacBook Airにもしっかりとカバーをつけるのね。買った直後から売り払う準備かしら？ ","2017-03-10 12:12:02"
201,"お兄ちゃんは妙に中国製の製品を嫌うわね。その毎日大事に使ってるDesigned by Apple in CaliforniaのMacBook ProだってAssembled in Chinaだからね？","2017-03-07 14:12:01"
202,"お兄ちゃんがApple製品をいろいろと買い始めたから頭のなかも少しはスマートになるかと思ったら、全くそんなことはなかったわね。","2017-02-15 16:12:02"
203,"お兄ちゃん、iMacを買ってきたのはいいけど、いつまで電源ボタンを探しているの？","2017-02-19 16:12:01"
204,"ちょっとiPhoneを使いこなせるようになったからって調子に乗ってるんじゃないわよ。Appleがお兄ちゃんみたいな頭の悪い人にも使えるように製品をデザインしてくれているからであって、別にお兄ちゃんがクールでスマートになったわけじゃないからね？ ","2017-02-21 00:12:02"
205,"お兄ちゃんのMacBook Proはパームレストの部分のアルミが手汗で剥がれてガビガビになっていて本当に汚いわね。いくらRetinaディスプレイが美しくてもそれじゃ台無しよ。手から硫酸でも吹き出ているのかしら？","2017-03-08 22:12:02"
206,"お兄ちゃん、私に書類を送るときは半角の¥マークは全部バックスラッシュ\\に直してから送ってって言ったでしょ？","2017-02-18 18:12:02"
207,"お兄ちゃん、きちんと明確なビジョンを持たないと、自分の作ったものの本当の価値はわからないわよ。コピー機を売ることばかり考えていてAppleに最高のGUIをもっていかれたゼロックスみたいにはなりたくないでしょう？","2017-01-03 16:12:02"
208,"気温が高いからMac miniを縦置きにするのはいいけど、何も保護をせずにまな板スタンドにはめ込んで美しい筐体を傷つけるなんて・・・・・。愚かな兄を持ったものだわ。","2017-02-24 14:12:02"
209,"Apple製品をたくさん持っていても一つAndroidやWindowsがあっただけで台無しね！ はい、お兄ちゃんはただのガジェットオタクに成り下がりました！ ","2017-03-15 18:12:02"
210,"お兄ちゃん、人生には時としてレンガで頭をぶん殴られるようなひどいことも起こるものよ。だけど、信念を放り投げちゃいけないわ。そんなことでへこたれるなら、私がレンガより重いMacBook Proでお兄ちゃんの頭をかち割るわよ。","2017-02-02 20:12:02"
211,"Smart Coverを風呂のフタとか新しいMac Proをゴミ箱とかiPodの黄色をションベンだとか、お兄ちゃんはもうちょっと上品な例えはできないの？","2017-03-12 20:12:01"
212,"どうお兄ちゃん、iPadは素晴らしいでしょう？ 革命的で魔法のようなデバイスを、しかも、信じられない価格で提供してくれるAppleにせいぜい感謝することね。","2016-12-17 20:12:06"
213,"Safariのブックマークバーのブックマークには左から１から順に番号がふられていて、⌘+(数字)でそのリンクを選択できるのよ。Chromeではタブが選択されるみたいね。お兄ちゃんは一日中キーボードを触ってるんだから、これぐらいのショートカットキーは覚えてね。","2017-02-10 10:12:01"
214,"Sad Macや爆弾も今思えばいい思い出ね。OSXのカーネルパニックも実になめらかに上から幕が下りてきて、静かにかつ確実にシステムの異常を伝えてくれるわ。クラッシュしても愛嬌を忘れないMacのスピリットが感じられるわよね。対してブルースクリーンのなんとも風情のないこと。","2017-03-16 10:12:01"
215,"新型のiPodが発売されると全色を買い揃えてしまうなんて、お兄ちゃんはお金を無駄にするのが好きなのね。「お布施」？ 意味がわからないわ。","2016-12-16 12:12:02"
216,"現実歪曲フィールドは中二病ですって？！ ふざけないで。","2017-02-24 18:12:02"
217,"見てお兄ちゃん、iPodやiPhoneのおかげでAppleが有名になって、最近は書店にも必ずスティーブ・ジョブスの本が置かれるようになったのよ！ ほら、Sir Steve Jobsに敬礼！！","2016-12-27 16:12:02"
218,"お兄ちゃん、今やっていることがどこかに繋がると信じるのよ。その点がどこかに繋がると信じていれば、他の人と違う道を歩いていても自信を持って歩き通せるから。 ","2017-03-10 20:12:02"
219,"Macの通常のショートカットにはコマンドキー⌘が使われるけど、controlキーもUNIX由来のショートカットに割り当てられている場合が多いのよ。前者はGUI的、後者はCUI的とも言えるかしら。コマンドラインに慣れたギークにも、お兄ちゃんみたいな情弱人間にもフレンドリー。","2017-01-02 00:12:02"
220,"iPhone5からイヤホン端子が下になったぐらいでギャーギャー騒いでるんじゃないわよ。そういうふうに細かいことをネチネチ気にしてるからお兄ちゃんはモテないのよ。","2017-03-01 14:12:01"
221,"あーびっくりした、そうよね、アホなお兄ちゃんが経営学修士なんて取れるわけないものね！ 紛らわしいから今度からMacBook AirをMBAって略すのはやめてね。","2017-01-29 16:12:02"
222,"お兄ちゃん、彼女ができないまま迎えた30歳の誕生日おめでとう！ Magic MouseとMagic Trackpadをプレゼントするわ！ ","2017-03-05 08:12:02"
223,"お兄ちゃんはiPhoneだったら簡単にJailbreakしちゃうのに、女性のガードは全くbreakできないのね。 「iPhoneは俺の嫁」じゃなかったかしら？","2017-03-07 22:12:01"
224,"そんなにAppleが好きならリンゴ農家にでもなったら？ 青森県にはApple Storeがたくさんあるわよ。","2017-03-10 16:12:01"
225,"OSXの新しいバージョンが発表されるとすぐそのデフォルトの壁紙を入手して壁紙にするなんて、すぐ見栄を張りたがるお兄ちゃんらしいわ。そしてそこまでするのにデペロッパ登録してbeta版を入れる根性はないっていうね。","2017-01-31 00:12:02"
226,"iMacやMac Proに付属のWireless KeyboardはiPadやiPhoneでも使えるし、iPhoneやiPodに付属のEarPodsはMacに刺してもiTunesの操作やマイク機能が使える。さらにiCloudが全てを同期してくれる。最高ね。","2017-03-08 16:12:02"
227,"聞いてお兄ちゃん、今日Apple StoreでMacBook Proを買ってその場で開梱して初期設定をしてもらったんだけど、「美しいですね」「素晴らしいですね」っていちいち話しかけてきて本当に鬱陶しかったの。","2017-03-14 16:12:02"
228,"お兄ちゃん、iMacはあんなに薄くなったけど、自分の髪の毛まで薄くなることはないじゃない。","2017-03-01 08:12:01"
229,"USキーボードのMacBookじゃないとホームポジションが中心に来ないから使いたくないって？ つべこべ言わずに早く仕事進めたら？","2017-03-12 22:12:01"
230,"茸からiPhoneが出るまで待つなんて、iPhoneが使いたいのなら取り扱っているキャリアに乗り換えたらいいだけの話よ。いろいろ言い訳をして乗り換えないお兄ちゃんにとってはきっとiPhoneはその程度のものなのね。きっとジョブズもそんなセコい人間に使ってほしいとは思っていないわ。","2016-11-06 18:12:02"
231,"お兄ちゃん、できる限りの情報を詰め込みたいのはわかるけど、それで顧客を迷わせるようなWebページを作っていて楽しい？ Appleのウェブページを見習って、伝えたいことを一つに絞るとか、少しはユーザ体験を考えなさいよ。","2017-02-26 18:12:02"
232,"お兄ちゃん、Appleが好きな人に悪い人はいないわ。自分が、ジョブスがAppleを解雇される前からMacを使っているのをいいことに、iPhoneから入った新参者を見下すなんて、実に愚かで幼稚な思考回路をしているわね。全ての人間はAppleの下に平等なのよ。","2017-03-11 00:12:02"
233,"だから言ったでしょ、お兄ちゃんは頭がデカいんだからタートルネックは似合わないって。でもその太った体が黒で締まって見えるのはいいのかもね。まあどちらにしろ、それ着て私の近くを歩かないでね。","2017-02-26 00:12:02"
234,"どうしたのお兄ちゃん、今頃布団から出てきて。毎日10時間以上寝るってどういうことなの？ お兄ちゃんにPower Napは搭載されていなかったと思うけど？","2017-01-25 14:12:02"
235,"お兄ちゃん、iPodが成功したのはミュージックプレイヤーとして優れていたからではなく、iPodに関わる無形の要素に人々が意味を見出したからよ。スタイリッシュな筐体にライブラリの全ての楽曲を入れて持ち歩くスタイルは人々の音楽に対する考え方を変えたわ。","2017-03-14 12:12:02"
236,"お兄ちゃん、どうしてLinuxにはjobsコマンドはあるのにsteveコマンドはないの？","2017-02-07 12:12:02"
237,"iPhone5SとiPhone5Cの違いは指紋センサーの有無、カメラの性能、カラバリ、プロセッサの性能あたりね。5Sに64bitプロセッサが搭載されるのはなかなかアツいわ。5Cも価格は安いし5と同等のスペックだからこちらを選ぶ人も多いかもね。お兄ちゃんは5Sと5C、どちらが好みかしら？","2017-03-12 18:12:01"
238,"あらあら、お兄ちゃんたら、MacBook Airに変なステッカーをペタペタ貼っちゃって。冷蔵庫やタンスにシールを貼る幼児と同じレベルのセンスね。","2017-02-06 14:12:02"
239,"iPodやiPhoneをはじめとするApple製品の爆発的な普及によって、Apple信者にはより高いレベルの知識と信仰心が求められているわ。せめてiOSデバイスとMacそれぞれ２つずつぐらいは使いこなしてもらわないと話しにならないのよ、お兄ちゃん。","2017-03-17 06:12:02"
240,"MacBook Airはステッカーを貼ったぐらいで美しさが損なわれてしまうようなチャチなものではないわ。お兄ちゃんのステッカーのセレクトと貼り方のセンスが悪いだけでしょ？ それにお兄ちゃんが使ってる時点でもうアレよ。 ","2017-03-12 06:12:01"
241,"お兄ちゃん、明日『女友達と』ディズニーランドに行くんだけどそのLTE版iPad miniを貸してくれない？ 大丈夫、どこかのバカな女子高生みたいに「iPadを探す」をonにしたまま渋谷道玄坂に行ったりしないから。あっ","2017-01-26 16:12:02"
242,"お兄ちゃんはiPadを買ったというのにちっともプリンタを使う回数が減らないわね。原始人なの？","2017-03-05 18:12:02"
243,"聞いてお兄ちゃん、私今日、彼氏の家に初めて行ったの。iPhoneは裸だったしiPadにはきちんとSmart Coverがついていたから安心し切っていたんだけど、デスクトップのPCがWindowsだったの。その場で別れてやったわ。","2017-01-24 20:12:02"
244,"「こんにちは、パソコンです。」
 こ にちは、Macです。」
 兄 ゃんはMacBook Airを抱えてiPhoneをいじっていても、どう見てもパソコン側の人間にしか見えないわね。ふしぎ。","2016-12-20 06:12:02"
245,"お兄ちゃん、同じ銀色のノートパソコンでも、Let's noteとMacBook Airはぜんぜん違うの。あんなダサいものと一緒にしないで。これからは絶対に間違えないでね。","2017-03-12 00:12:01"
246,"やめてお兄ちゃん！ もうCardsやPingの悪口は言わないであげて！！","2017-01-23 20:12:01"
247,"ねえお兄ちゃん、スマートフォンはiPhoneと違ってダサいからケースを付けて誤魔化さなきゃいけないのに、どうして他のスマホケースはiPhoneよりも種類が少ないのかしら？","2017-03-02 08:12:02"
248,"Macのいいところ？ 考えたこともなかったわ。Windowsなんて触ったことないもの。","2017-03-17 16:12:02"
249,"どんなにiOSのアップデートが酷いものだったとしても、私はいつだっていまのAppleが好きよ。お兄ちゃんはどうしてこう文句しか言えないのかしら。","2017-03-01 12:12:02"
250,"お兄ちゃん、私のiPhone5をiOS7にアップグレードしたんだけど、指紋認証が使えるようにならないの！！ なんで？！","2017-02-03 10:12:01"
251,"ねえ知ってるお兄ちゃん！ iOS7から防水機能が追加されたらしいわ！！ ほら！！ ちょっとそのiOS7を入れたばかりのiPhone4S貸してみなさい！！","2017-01-27 10:12:01"
252,"iOS7に搭載されたControl Centerは初期設定だとロック画面からもアクセスできるけど、すぐに無効にしたほうがいいかもね。落として拾われた時に機内モードにされると「iPhoneを探す」で探せなくなるもの。まあどちらにしろアルミホイルで包まれたらおしまいだけど。","2017-03-18 00:12:01"
253,"Twitterのディスプレイネームにリンゴのマークをつけたぐらいで偉そうにしないでよ。","2017-02-04 18:12:01"
254,"Siam、Cheetah、Puma、Jaguar、Panther、Tiger、Leopard、Snow Leopard、Lion、Mountain Lion、そしてOS X 10.9 Marvericks。Apple信者を自称するならこれぐらいは覚えてもらわないと。","2017-02-28 16:12:02"
255,"あーあ、ついに茸からもiPhoneが発売されて、お兄ちゃんは満を持して買い換えるというわけね。通信キャリアなんていうつまらない拘りでiPhoneを避けてダサいスマホを使っていた、その失われた3年間はもう帰ってこないのにね。どう？その茸のiPhoneは3年待っただけの価値はあった？","2017-01-13 08:12:02"
256,"お兄ちゃん、64GBのiPhone5s買ってもやるのはどうせツイッターだけなんでしょ？","2016-12-16 16:12:02"
257,"お兄ちゃんはずいぶんと携帯キャリア別の料金体系に詳しいわね。何を目指しているの？","2017-02-15 10:12:01"
258,"お兄ちゃん大変よ！ このパソコン、lsコマンドが使えないの！！ え？！ dirって何？！","2017-02-03 06:12:02"
259,"お兄ちゃんの持っているそのスマホは、私のiPhoneとは比べ物にならないくらいハードのスペックは高いんでしょ？ どうしてそんなにスクロールがカクカクなのかしら。わけがわからないわ。","2017-02-10 06:12:02"
260,"お兄ちゃん何言っているの、F7は曲の頭に戻るキーでしょ？ 全角カタカナに変換するのはctrl+Kもしくはoption+Xでしょ？","2017-02-19 08:12:02"
261,"純正じゃないLightningを使いたがる人たちなんてほっといていいのよ。彼らは安いケーブルを探すのに費やした時間や、いつか使えなくなるという恐怖によって、価格差以上の損をしているんだから。","2016-12-12 10:12:02"
262,"iPhone5と5Sはホームボタンを見れば簡単に見分けられるわよね。そしてiPhone4と4Sは側面のメタルの溝とサイドボタンの位置が違うわ。それじゃあiPhone3GとiPhone3GSは？ ","2017-02-22 20:12:01"
263,"iOS7では「激おこぷんぷん丸」「てへぺろ」などが予測変換できるようになったわ。Appleは本当に使う人のことをよくわかっているわね。","2017-02-24 00:12:02"
264,"「Think different.」。「ちったあ頭使えよ」っていう意味よ。","2017-03-15 12:12:02"
265,"講義中にそんなダサいノートPCを使っててお兄ちゃんは恥ずかしくないの？ その変なキーボードの下品なガシャガシャした音も本当に耳障りだわ。","2017-02-23 00:12:02"
266,"iOS7はデザイン工学の天才のジョナサン・アイブ様が作ってるから使いやすいに決まってるわ。お兄ちゃんが使いにくいと言っているそれは慣れてないだけよ。","2017-02-12 22:12:02"
267,"Web系の開発にはPCよりももっぱらMacがオススメよ。ウェブアプリケーションが乗るサーバの多くはLinuxで、OSXはUnixベースだから非常に相性がいいの。強力なターミナルアプリケーションの存在も後押ししているわ。ローカル環境の構築も非常に簡単よ。","2017-01-27 20:12:01"
268,"アップルの企業価値45兆円、つまりこの地球上で最も価値のある企業なのよ。世界のブランド価値ランキング、最も革新的な企業ランキングなどでも世界一位を獲得しているわ。世界の全てがAppleの手中に収まる時も近いわね。","2017-03-13 20:12:02"
269,"ジョブスはアップルの経営をうまくやるために仕事をしていたわけではないわ。最高のコンピューターをつくるために仕事をしていたのよ。","2017-03-03 08:12:02"
270,"「Apple製品はすぐに壊れる」という人もいれば「丈夫でいつまでも使える」という人もいるわ。その差は愛の差よ。iPhoneのホームボタンが効きづらくなるなんていうのは愛の足りていない典型的な例ね。","2017-03-18 20:12:02"
271,"THINKPADを愛用する人間はいっつもキーボードを必要以上に強く叩くわね。デバイスに対する愛はないのかしら？","2017-02-13 10:12:02"
272,"Windows8は初心者にもパワーユーザーにも使いづらい酷いユーザビリティね。一つの機器に２つの環境が存在しているから一貫性がなくてフラストレーションが溜まるし、ウィンドウを複数出せないと複雑なタスクを行うときに記憶の負荷が大きいわ。","2017-02-15 20:12:02"
273,"お兄ちゃん、墓場で１番の金持ちになりたいなんて思っているの？ 私は、夜眠るときに自分が素晴らしいことをしたと言えること、それが重要だと思うの。","2016-12-11 16:12:02"
274,"ほらお兄ちゃん、これがMac OS Xのインタフェース「Aqua」よ！！ 思わず舐めたくなるでしょう？？","2016-12-19 18:12:02"
275,"盗んだものを驚くほど効率的に配布できるシステムがあるわ。インターネットと呼ばれているシステムよ。インターネットが閉鎖される可能性はないわ。","2017-02-03 08:12:02"
276,"お兄ちゃん、自分がクオリティの基準となりなさい。ひとによっては、常に優秀であることが期待されている環境に慣れていないのだから。","2017-02-22 18:12:02"
277,"Windowsのロゴの窓はいつになったら開くのかしらね。","2017-03-12 14:12:01"
278,"お兄ちゃんはカリフォルニアのApple本社にあるApple Company Storeを知っているかしら？ Infinite Loop 1に向かって右側にあって、アップルマークのマグカップやタンブラー、Tシャツなど、世界でここだけしか発売されていない限定グッズがたくさん売られているわ。","2017-03-02 18:12:01"
279,"お兄ちゃん、一番大切なのは、自分の心と直感に従う勇気を持つことよ。自分の本当になりたい姿を知っているのは、自分の心と直感なんだから。","2017-03-15 08:12:01"
280,"ブラウザはなんだかんだいってSafariが一番よね。なんてったって、スワイプで前のページに戻るときのモーションがたまらない。Chromeなんていうメモリ泥棒を使っている人の気が知れないわ。","2017-03-16 16:12:01"
281,"お兄ちゃん、エディタやターミナルのデザインにこだわっているようだけど、そんな汚いフォントのOSじゃ限界があるんじゃないの？","2016-12-17 16:12:01"
282,"アドレス帳が消えた？ アプリのデータが消えた？ ごめんなさい、私はそれ経験したことないわ。","2017-03-13 10:12:02"
283,"Macのどこがいいかって？ 逆に聞くけど、お兄ちゃんはどうしてWindowsを使っているの？ ほら何も考えてない。冷静に考えたら、Macを選ぶ以外の選択肢は見えないはずなのよ。だからそういうわけのわからない疑問が湧いてくるの。わかった？","2017-03-13 12:12:01"
284,"お兄ちゃん、ジョブズの死を悲しむのはその辺にしなさい。彼が育てた多くの優秀な人材が、アップルをかつてないぐらい強固な会社にしているわ。ジョブズの残した様々な足かせから開放されたAppleにはまた違った期待が持てるし、むしろ本当に面白いのはこれからだと私は思うの。","2017-02-28 06:12:03"
285,"iCloudの「書類とデータ」は意外と対応しているアプリケーションが多いのよ。Pages, Keynote, Numbersに加え、プレビュー、テキストエディット、Automatorのデータもクラウド上に保存できるわ。","2017-03-16 18:12:01"
286,"iPhone5Cの水玉ケースをつけると隙間から’non’の文字が見えるわ！ 重要でもなんでもない1000の物事にノーという言い本当に大切なものだけを残すというジョブズの信念が見て取れるわね！","2017-03-16 20:12:01"
287,"せっかく美しいアルミニウムでiPhoneは作られてるのに、そんなダサいシリコンやプラスチックのケースを付けたら美しさが台無しじゃない。お兄ちゃんは何考えてるの？","2016-12-31 14:12:02"
288,"お兄ちゃん、今度Mavericksの綴りをMarvericksなんて間違えたら兄妹の縁を切るわよ。","2017-03-15 14:12:02"
289,"そのサイト、Flash使ってるからきらーい！","2017-03-16 00:12:01"
290,"お兄ちゃん、部屋においてあったiPhoneやMacBook Airの箱、邪魔だったから全部捨てておいたわよ！","2017-03-18 18:12:02"
291,"2013年にアップデートされたMac Proは最高ね。あの筒状の構造と大きな一つのファンで排熱効率がとっても高いのよ。あれだけパワフルなのにほとんどファンの音が聞こえないなんて本当にクールよね。内部に拡張性をほぼなくして、HDDを取っ払ったのも注目ポイントよ。","2017-02-24 22:12:01"
292,"お兄ちゃん、もしかして今までMacには右クリックがないと思ってたの？ お兄ちゃんの割れ目がくっきりついたダサいマウスとは違うのよ。","2017-02-21 06:12:02"
293,"EarPodsにカバーをかけるなんてどういうつもり？ あの最高に美しくフィットするケースに収まらなくなるじゃない。なんで？","2017-02-07 06:12:02"
294,"ジョブズは『優れた芸術家は真似る、偉大な芸術家は盗む』と言ったわ。え？ ジョブズの言葉じゃないって？ 知らないわ。","2017-03-07 00:12:01"
295,"お兄ちゃんがジョブズの真似をできるところなんて、23歳でガールフレンドを妊娠させることぐらいね。あれ、そういえばお兄ちゃん彼女いたっけ？","2017-03-10 18:12:01"
296,"ジョブズとウォズはまったく似ていなかったけれどとてもパワフルなチームだったようね。ジョブズはいつも強がっていて、カリスマ性があって魅力的だが、冷酷な面も持ち合わせていたわ。一方ウォズはナイーブで友だち付き合いが苦手な恥ずかしがり屋で、子どものようなかわいげがあったわ。","2017-02-04 16:12:02"
297,"ジョブズの提案したApple Computerという名前は不思議ね。リンゴとコンピュータというありえない組み合わせで、アメリカ的ながら自然回帰というカウンターカルチャー的でもある。コンピュータの語感が少し柔らかくなるのも、個人向けコンピュータを作る会社としてはぴったりだったわ。","2017-02-09 20:12:02"
298,"お兄ちゃん、1975年6月29日は何の日か知ってる？ この日ウォズが作ったマシンによって初めて、キーボードから文字を入力しそれが目の前のスクリーンに表示されるということが実現したのよ。後にApple Iとなったマシンね。あのジョブズも興奮してウォズに次々と質問をぶつけたわ。","2017-03-09 10:12:01"
299,"ウォズはあるときホームブリューというクラブで初めてマイクロプロセッサというものを知ったの。そこでウォズの頭には、キーボード、コンピュータ、ディスプレイの全てが一つのパッケージになっていて、机の上で個人が使えるコンピュータが浮かんだわ。これが現在のパーソナルコンピュータの原型ね。","2017-01-08 18:12:01"
300,"全地球カタログと呼ばれる、地球上のあらゆる商品を載せたような書物が大好きだったわ。とくに好きだったのが最終号で、その裏表紙には早朝の田舎道の写真に並んで”Stay Hungry, Stay Foolish.”という、今やジョブズの名言の一つと呼ばれる一言が添えられていたのよ。","2017-03-13 22:12:01"
301,"ジョブズはインドを放浪している時、インドの田舎にいる人々は知力ではなく直感で生きているのだと感じたわ。そして彼らの直感はダントツで世界一というほどに発達していて、直感は知力よりもパワフルであると悟ったわ。この認識は、ジョブズのその後の仕事に大きな影響を与え続けていったのよ。","2017-03-05 00:12:01"
302,"ジョブズはまだ10代のとき、東洋思想やヒンズー教、禅宗、悟りなどを求めてインドなど各国を歩きまわったわ。髪の毛を剃り落としてインドのローブを着て、肌は日焼けで濃い茶色になっていたから、久々に会った母親からは自分の息子だとなかなか気付かれなかったらしいわ。","2017-03-08 10:12:01"
303,"ジョブズがアタリ社で働き始めた時、周りからは失敬なやつだと嫌われていたわ。誰かれ構わず暴言を吐いていたようだからね。それでも非常に有能で、ボスには気に入られていたようよ。","2016-10-15 12:12:12"
304,"ジョブズは、両親が汗水たらして稼いだお金を高い学費に費やしながら面白くもない必修の講義を受けるのが嫌で、大学を中退して自分の興味のある講義だけに潜り始めたのよ。彼は探究心の塊で、自明の理を否定し、一つ一つ自分で吟味しないと気がすまない人間だったと、当時の学生部長は語っていたわ。","2017-02-25 16:12:01"
305,"ジョブズとウォズは出会ってから、どこへでもタダで電話をかけられるブルーボックスという機械を作ったわ。いろいろ失敗もしたけれどこの経験から二人は協力することを学び、技術的な問題を解決し製品化できる自身を得たわ。ブルーボックスがなければAppleはなかったと言っても過言ではないわね。","2017-03-17 22:12:02"
306,"ジョブズは小学校時代いじめられることが多くて、7年生の時に家計が苦しいにもかかわらずもっと他の学校にいきたがったわ。「他の学校にいけないならもう学校にはいかない」というと両親はどこがいいかいろいろと調べ、２万１０００ドルもお金をかき集めて、もっといい地域に家を買ってくれたのよ。","2017-03-16 14:12:01"
307,"ジョブズとウォズニアックの最初の出会いは、ヒューレットがパッカードの元を訪れて以来、シリコンバレーにおける最大のイベントとなったわ。当時ジョブズは少し大人びていて、ウォズは子供っぽかったから、精神的にはほとんど同い年のようなものだったようね。","2017-03-17 08:12:01"
308,"お兄ちゃん、Apple信者にUSBフラッシュメモリなんかでファイルを共有しようとしたら確実に嫌われるわよ。AirDropにしなさい。","2017-03-06 14:12:01"
309,"ジョブズは素晴らしい作品を作る人物として有名だけど、価値あるブランドを持つ素晴らしい会社を作る能力にも優れているのよ。AppleとPixarという時代を代表する会社を２つも作ったことがこれを裏付けているわ。","2017-02-26 20:12:02"
310,"新しい製品を買ってきてそれをワクワクした気持ちで開けるのに、初めにマニュアルや周辺機器が出てきてはダメよ。Appleの製品は箱を開けるとまずそのモノが現れる。通常傷つきやすいからとディスプレイを下を向けて保護されるけれど、iPadでもディスプレイがまず真正面に現れるわ。","2017-02-25 14:12:02"
311,"Macユーザーはマウスを使わないですって？ マウスにもトラックパッドにもそれぞれ良い所があるのよ。MacBook Airしか使ったことがないくせに適当な事を言わないで。","2017-03-18 21:58:34"
312,"ダメよお兄ちゃん、子供にWindowsなんて触らせちゃ。教育上良くないわ。","2017-01-06 16:12:01"
313,"ジョブズはMacintoshによってパーソナルコンピュータという世界を提案し、iPhoneによってスマートフォンというものの形を切り開いたわ。その後世界のシェアで他社に追いぬかれたとしても、その意義は変わらないわ。","2017-03-01 20:12:02"
314,"アップル社に解雇されたことは人生で起こった最良の出来事だったと、ジョブズは語っているわ。成功者であることの重さが、再び創始者になることの身軽さに置き換わったのよ。何事につけても不確かさは増したけれど、彼は解放され、人生の中で最も創造的な時期を迎えることになったの。","2017-02-26 16:12:02"
315,"お兄ちゃんが私のiPhoneを落下させて傷をつけたことにはもう怒っていないし、私に謝ってもらわなくてもいいの。ただ、お兄ちゃんの不注意でこの完璧なデザインに一点の傷をつけられた哀れなiPhoneに土下座して、心から謝罪の念を示して欲しいだけ。","2017-02-25 20:12:01"
316,"Macのメニューバーのアイコンは⌘キーを押しながらドラッグすると移動できるのよ。Wi-Fiアイコンや充電アイコン、時計を好きな場所に移動できるわ。ただしSpotlightとアプリケーションの常駐アイコンは動かせないから注意してね。","2017-03-03 00:12:02"
317,"MicrosoftがMacをコピーすることに長けていたわけではなく、Macが10年もの間コピーしやすい製品だっただけよ。それはアップル社の問題。ジョブズがかつてAppleを去ってからしばらく独自性は消えてしまっていたわ。","2017-03-11 12:12:01"
318,"Appleはこれからも多くの人たちに、iPhoneが電話に与えた以上の画期的な真の変革をもたらすわ。彼らはまだその最初の一歩を踏み出したばかりよ。","2017-03-04 06:12:02"
319,"アップル社に解雇されたことは人生で起こった最良の出来事だったと、ジョブズは語っているわ。成功者であることの重さが、再び創始者になることの身軽さに置き換わったのよ。何事につけても不確かさは増したけれど、彼は解放され、人生の中で最も創造的な時期を迎えることになったの。","2017-03-16 12:12:01"
